User_ID,Calories
U00001,700
U00002,360
U00003,664
U00004,150
U00005,960
U00006,850
U00007,415
U00008,648
U00009,1170
U00010,273
U00011,560
U00012,80
U00013,415
U00014,530
U00015,545
U00016,860
U00017,644
U00018,535
U00019,623
U00020,140
U00021,60
U00022,200
U00023,535
U00024,420
U00025,175
U00026,981
U00027,368
U00028,255
U00029,296
U00030,275
U00031,385
U00032,510
U00033,160
U00034,910
U00035,190
U00036,225
U00037,672
U00038,532
U00039,380
U00040,763
U00041,603
U00042,343
U00043,250
U00044,780
U00045,896
U00046,728
U00047,720
U00048,792
U00049,846
U00050,637
U00051,873
U00052,791
U00053,215
U00054,364
U00055,700
U00056,1100
U00057,864
U00058,784
U00059,904
U00060,700
U00061,540
U00062,280
U00063,620
U00064,800
U00065,133
U00066,344
U00067,510
U00068,510
U00069,335
U00070,1100
U00071,408
U00072,512
U00073,532
U00074,376
U00075,702
U00076,290
U00077,688
U00078,640
U00079,688
U00080,621
U00081,275
U00082,315
U00083,88
U00084,704
U00085,252
U00086,261
U00087,290
U00088,808
U00089,170
U00090,456
U00091,495
U00092,160
U00093,98
U00094,430
U00095,477
U00096,288
U00097,729
U00098,700
U00099,90
U00100,568
U00101,580
U00102,100
U00103,576
U00104,970
U00105,240
U00106,322
U00107,154
U00108,648
U00109,684
U00110,170
U00111,565
U00112,600
U00113,90
U00114,240
U00115,80
U00116,824
U00117,80
U00118,387
U00119,549
U00120,1008
U00121,290
U00122,170
U00123,100
U00124,567
U00125,150
U00126,720
U00127,468
U00128,136
U00129,690
U00130,520
U00131,729
U00132,1160
U00133,1060
U00134,670
U00135,324
U00136,99
U00137,546
U00138,371
U00139,568
U00140,940
U00141,55
U00142,928
U00143,440
U00144,455
U00145,243
U00146,584
U00147,205
U00148,432
U00149,763
U00150,273
U00151,630
U00152,832
U00153,75
U00154,920
U00155,420
U00156,285
U00157,872
U00158,890
U00159,441
U00160,210
U00161,285
U00162,305
U00163,215
U00164,1017
U00165,581
U00166,329
U00167,60
U00168,180
U00169,686
U00170,565
U00171,522
U00172,545
U00173,459
U00174,196
U00175,165
U00176,440
U00177,310
U00178,208
U00179,245
U00180,702
U00181,234
U00182,441
U00183,130
U00184,280
U00185,816
U00186,410
U00187,210
U00188,540
U00189,585
U00190,408
U00191,395
U00192,250
U00193,448
U00194,784
U00195,1090
U00196,125
U00197,369
U00198,288
U00199,420
U00200,630
U00201,260
U00202,440
U00203,520
U00204,584
U00205,504
U00206,603
U00207,552
U00208,357
U00209,378
U00210,792
U00211,890
U00212,150
U00213,252
U00214,390
U00215,1160
U00216,630
U00217,240
U00218,610
U00219,390
U00220,840
U00221,296
U00222,170
U00223,470
U00224,344
U00225,632
U00226,1035
U00227,711
U00228,280
U00229,592
U00230,714
U00231,100
U00232,565
U00233,432
U00234,565
U00235,791
U00236,315
U00237,1017
U00238,511
U00239,1160
U00240,774
U00241,784
U00242,150
U00243,140
U00244,720
U00245,400
U00246,850
U00247,522
U00248,200
U00249,335
U00250,190
U00251,133
U00252,828
U00253,688
U00254,350
U00255,954
U00256,610
U00257,440
U00258,125
U00259,792
U00260,777
U00261,175
U00262,585
U00263,364
U00264,324
U00265,801
U00266,580
U00267,279
U00268,880
U00269,620
U00270,408
U00271,161
U00272,800
U00273,890
U00274,672
U00275,744
U00276,225
U00277,140
U00278,819
U00279,936
U00280,120
U00281,880
U00282,570
U00283,780
U00284,776
U00285,490
U00286,392
U00287,184
U00288,812
U00289,470
U00290,190
U00291,531
U00292,315
U00293,999
U00294,950
U00295,387
U00296,252
U00297,560
U00298,456
U00299,792
U00300,210
U00301,360
U00302,570
U00303,459
U00304,900
U00305,176
U00306,376
U00307,576
U00308,336
U00309,153
U00310,609
U00311,623
U00312,800
U00313,497
U00314,1110
U00315,315
U00316,600
U00317,539
U00318,405
U00319,1035
U00320,144
U00321,70
U00322,567
U00323,365
U00324,120
U00325,549
U00326,170
U00327,800
U00328,609
U00329,960
U00330,126
U00331,240
U00332,512
U00333,470
U00334,756
U00335,230
U00336,552
U00337,190
U00338,84
U00339,175
U00340,828
U00341,325
U00342,1008
U00343,819
U00344,250
U00345,168
U00346,232
U00347,828
U00348,1180
U00349,215
U00350,860
U00351,240
U00352,329
U00353,810
U00354,760
U00355,816
U00356,620
U00357,540
U00358,870
U00359,80
U00360,310
U00361,413
U00362,900
U00363,396
U00364,155
U00365,144
U00366,434
U00367,224
U00368,1130
U00369,1080
U00370,888
U00371,840
U00372,65
U00373,581
U00374,504
U00375,824
U00376,408
U00377,621
U00378,532
U00379,1120
U00380,96
U00381,972
U00382,185
U00383,75
U00384,910
U00385,224
U00386,425
U00387,300
U00388,936
U00389,275
U00390,505
U00391,600
U00392,756
U00393,196
U00394,225
U00395,728
U00396,75
U00397,530
U00398,210
U00399,315
U00400,336
U00401,315
U00402,936
U00403,420
U00404,135
U00405,930
U00406,441
U00407,1120
U00408,567
U00409,189
U00410,648
U00411,280
U00412,110
U00413,295
U00414,170
U00415,532
U00416,650
U00417,721
U00418,860
U00419,585
U00420,805
U00421,530
U00422,483
U00423,392
U00424,230
U00425,833
U00426,301
U00427,128
U00428,208
U00429,140
U00430,460
U00431,936
U00432,525
U00433,765
U00434,684
U00435,440
U00436,352
U00437,360
U00438,552
U00439,765
U00440,610
U00441,790
U00442,468
U00443,963
U00444,335
U00445,616
U00446,335
U00447,1020
U00448,400
U00449,848
U00450,1030
U00451,550
U00452,954
U00453,115
U00454,585
U00455,525
U00456,75
U00457,603
U00458,184
U00459,1080
U00460,175
U00461,136
U00462,1020
U00463,160
U00464,510
U00465,171
U00466,805
U00467,880
U00468,826
U00469,918
U00470,160
U00471,808
U00472,656
U00473,140
U00474,210
U00475,900
U00476,355
U00477,656
U00478,483
U00479,602
U00480,520
U00481,464
U00482,640
U00483,440
U00484,765
U00485,1150
U00486,970
U00487,150
U00488,196
U00489,126
U00490,763
U00491,200
U00492,637
U00493,1100
U00494,890
U00495,440
U00496,679
U00497,315
U00498,115
U00499,567
U00500,180
U00501,336
U00502,960
U00503,927
U00504,475
U00505,880
U00506,140
U00507,420
U00508,245
U00509,470
U00510,927
U00511,192
U00512,600
U00513,950
U00514,800
U00515,100
U00516,600
U00517,485
U00518,295
U00519,65
U00520,528
U00521,185
U00522,798
U00523,371
U00524,749
U00525,568
U00526,162
U00527,256
U00528,590
U00529,952
U00530,920
U00531,80
U00532,545
U00533,220
U00534,275
U00535,600
U00536,512
U00537,297
U00538,406
U00539,602
U00540,301
U00541,320
U00542,230
U00543,812
U00544,365
U00545,585
U00546,770
U00547,216
U00548,846
U00549,1180
U00550,570
U00551,558
U00552,910
U00553,500
U00554,520
U00555,104
U00556,408
U00557,656
U00558,1035
U00559,198
U00560,350
U00561,200
U00562,368
U00563,84
U00564,420
U00565,1190
U00566,400
U00567,70
U00568,336
U00569,385
U00570,840
U00571,570
U00572,430
U00573,340
U00574,245
U00575,783
U00576,777
U00577,1062
U00578,531
U00579,210
U00580,165
U00581,189
U00582,399
U00583,324
U00584,747
U00585,375
U00586,234
U00587,477
U00588,455
U00589,110
U00590,322
U00591,380
U00592,224
U00593,95
U00594,90
U00595,340
U00596,395
U00597,660
U00598,250
U00599,930
U00600,203
U00601,568
U00602,456
U00603,161
U00604,455
U00605,117
U00606,357
U00607,170
U00608,306
U00609,150
U00610,801
U00611,310
U00612,238
U00613,126
U00614,230
U00615,304
U00616,104
U00617,1010
U00618,80
U00619,126
U00620,1050
U00621,413
U00622,960
U00623,140
U00624,190
U00625,1110
U00626,420
U00627,432
U00628,110
U00629,140
U00630,760
U00631,476
U00632,315
U00633,176
U00634,110
U00635,343
U00636,469
U00637,70
U00638,342
U00639,545
U00640,100
U00641,456
U00642,464
U00643,735
U00644,290
U00645,408
U00646,364
U00647,264
U00648,873
U00649,415
U00650,264
U00651,590
U00652,153
U00653,190
U00654,896
U00655,360
U00656,456
U00657,774
U00658,392
U00659,675
U00660,864
U00661,351
U00662,658
U00663,536
U00664,160
U00665,279
U00666,460
U00667,168
U00668,770
U00669,459
U00670,470
U00671,408
U00672,672
U00673,602
U00674,700
U00675,420
U00676,488
U00677,126
U00678,65
U00679,528
U00680,1071
U00681,752
U00682,369
U00683,763
U00684,225
U00685,475
U00686,140
U00687,255
U00688,540
U00689,882
U00690,700
U00691,644
U00692,300
U00693,435
U00694,756
U00695,203
U00696,707
U00697,208
U00698,340
U00699,570
U00700,168
U00701,1062
U00702,900
U00703,175
U00704,261
U00705,640
U00706,80
U00707,355
U00708,873
U00709,300
U00710,904
U00711,130
U00712,460
U00713,340
U00714,427
U00715,936
U00716,342
U00717,776
U00718,520
U00719,198
U00720,324
U00721,135
U00722,175
U00723,550
U00724,380
U00725,981
U00726,1110
U00727,696
U00728,370
U00729,1180
U00730,90
U00731,130
U00732,620
U00733,890
U00734,990
U00735,882
U00736,425
U00737,600
U00738,990
U00739,153
U00740,535
U00741,513
U00742,208
U00743,300
U00744,288
U00745,704
U00746,555
U00747,234
U00748,115
U00749,920
U00750,135
U00751,711
U00752,154
U00753,928
U00754,380
U00755,632
U00756,296
U00757,518
U00758,295
U00759,580
U00760,735
U00761,279
U00762,704
U00763,560
U00764,126
U00765,150
U00766,160
U00767,595
U00768,400
U00769,470
U00770,320
U00771,855
U00772,168
U00773,168
U00774,270
U00775,340
U00776,609
U00777,730
U00778,970
U00779,640
U00780,819
U00781,135
U00782,365
U00783,520
U00784,550
U00785,200
U00786,420
U00787,290
U00788,416
U00789,544
U00790,870
U00791,530
U00792,600
U00793,910
U00794,420
U00795,185
U00796,330
U00797,240
U00798,1060
U00799,455
U00800,750
U00801,395
U00802,329
U00803,539
U00804,70
U00805,176
U00806,590
U00807,440
U00808,612
U00809,600
U00810,390
U00811,672
U00812,315
U00813,784
U00814,350
U00815,448
U00816,324
U00817,147
U00818,623
U00819,882
U00820,756
U00821,459
U00822,390
U00823,440
U00824,280
U00825,369
U00826,736
U00827,952
U00828,568
U00829,864
U00830,846
U00831,680
U00832,710
U00833,448
U00834,680
U00835,608
U00836,590
U00837,100
U00838,721
U00839,520
U00840,497
U00841,234
U00842,344
U00843,592
U00844,154
U00845,360
U00846,624
U00847,168
U00848,280
U00849,336
U00850,833
U00851,488
U00852,399
U00853,287
U00854,310
U00855,210
U00856,927
U00857,740
U00858,270
U00859,115
U00860,658
U00861,175
U00862,1071
U00863,497
U00864,280
U00865,990
U00866,882
U00867,477
U00868,855
U00869,210
U00870,290
U00871,711
U00872,248
U00873,405
U00874,612
U00875,144
U00876,104
U00877,370
U00878,375
U00879,590
U00880,462
U00881,1170
U00882,918
U00883,432
U00884,495
U00885,1044
U00886,405
U00887,288
U00888,456
U00889,80
U00890,50
U00891,930
U00892,684
U00893,152
U00894,464
U00895,144
U00896,330
U00897,220
U00898,392
U00899,920
U00900,707
U00901,406
U00902,190
U00903,860
U00904,686
U00905,330
U00906,315
U00907,380
U00908,375
U00909,475
U00910,432
U00911,810
U00912,872
U00913,240
U00914,763
U00915,736
U00916,272
U00917,285
U00918,360
U00919,328
U00920,837
U00921,424
U00922,203
U00923,161
U00924,280
U00925,290
U00926,553
U00927,927
U00928,240
U00929,639
U00930,672
U00931,410
U00932,264
U00933,130
U00934,512
U00935,930
U00936,220
U00937,440
U00938,140
U00939,105
U00940,392
U00941,120
U00942,728
U00943,320
U00944,944
U00945,1053
U00946,1170
U00947,255
U00948,623
U00949,710
U00950,570
U00951,610
U00952,600
U00953,119
U00954,490
U00955,963
U00956,416
U00957,512
U00958,425
U00959,777
U00960,595
U00961,880
U00962,1160
U00963,595
U00964,105
U00965,700
U00966,250
U00967,350
U00968,117
U00969,351
U00970,500
U00971,208
U00972,666
U00973,117
U00974,1071
U00975,126
U00976,570
U00977,460
U00978,620
U00979,430
U00980,567
U00981,768
U00982,279
U00983,880
U00984,688
U00985,1060
U00986,872
U00987,666
U00988,357
U00989,351
U00990,104
U00991,189
U00992,441
U00993,792
U00994,840
U00995,1044
U00996,1071
U00997,1070
U00998,200
U00999,217
U01000,140
U01001,315
U01002,730
U01003,801
U01004,812
U01005,405
U01006,1030
U01007,217
U01008,472
U01009,760
U01010,832
U01011,260
U01012,280
U01013,448
U01014,1090
U01015,91
U01016,555
U01017,405
U01018,520
U01019,384
U01020,702
U01021,518
U01022,231
U01023,365
U01024,468
U01025,216
U01026,272
U01027,112
U01028,207
U01029,365
U01030,440
U01031,1180
U01032,272
U01033,70
U01034,305
U01035,756
U01036,1040
U01037,808
U01038,384
U01039,574
U01040,224
U01041,728
U01042,65
U01043,777
U01044,873
U01045,650
U01046,230
U01047,472
U01048,200
U01049,294
U01050,490
U01051,120
U01052,693
U01053,520
U01054,856
U01055,882
U01056,250
U01057,760
U01058,510
U01059,490
U01060,900
U01061,816
U01062,225
U01063,730
U01064,290
U01065,520
U01066,70
U01067,70
U01068,650
U01069,840
U01070,632
U01071,55
U01072,387
U01073,240
U01074,105
U01075,510
U01076,768
U01077,1035
U01078,720
U01079,950
U01080,819
U01081,450
U01082,140
U01083,248
U01084,400
U01085,960
U01086,85
U01087,266
U01088,171
U01089,496
U01090,240
U01091,160
U01092,275
U01093,420
U01094,180
U01095,1060
U01096,175
U01097,340
U01098,656
U01099,294
U01100,744
U01101,552
U01102,594
U01103,728
U01104,592
U01105,400
U01106,650
U01107,763
U01108,648
U01109,928
U01110,584
U01111,550
U01112,639
U01113,518
U01114,595
U01115,336
U01116,714
U01117,140
U01118,290
U01119,200
U01120,637
U01121,315
U01122,770
U01123,567
U01124,837
U01125,812
U01126,535
U01127,530
U01128,936
U01129,255
U01130,644
U01131,504
U01132,147
U01133,873
U01134,427
U01135,250
U01136,621
U01137,200
U01138,495
U01139,350
U01140,273
U01141,432
U01142,819
U01143,1080
U01144,424
U01145,266
U01146,1150
U01147,990
U01148,872
U01149,190
U01150,553
U01151,425
U01152,469
U01153,555
U01154,590
U01155,232
U01156,380
U01157,480
U01158,632
U01159,322
U01160,909
U01161,728
U01162,539
U01163,185
U01164,792
U01165,235
U01166,828
U01167,175
U01168,1010
U01169,162
U01170,195
U01171,658
U01172,90
U01173,279
U01174,595
U01175,472
U01176,736
U01177,294
U01178,384
U01179,112
U01180,231
U01181,416
U01182,810
U01183,288
U01184,791
U01185,200
U01186,288
U01187,999
U01188,333
U01189,970
U01190,171
U01191,952
U01192,832
U01193,900
U01194,1190
U01195,50
U01196,954
U01197,305
U01198,918
U01199,820
U01200,310
U01201,380
U01202,535
U01203,981
U01204,522
U01205,324
U01206,944
U01207,414
U01208,900
U01209,856
U01210,252
U01211,664
U01212,540
U01213,833
U01214,182
U01215,432
U01216,864
U01217,920
U01218,830
U01219,392
U01220,95
U01221,651
U01222,85
U01223,430
U01224,360
U01225,954
U01226,512
U01227,864
U01228,666
U01229,170
U01230,329
U01231,720
U01232,585
U01233,120
U01234,378
U01235,495
U01236,98
U01237,1010
U01238,980
U01239,390
U01240,780
U01241,190
U01242,735
U01243,539
U01244,136
U01245,432
U01246,425
U01247,575
U01248,560
U01249,736
U01250,100
U01251,70
U01252,504
U01253,485
U01254,1120
U01255,610
U01256,350
U01257,235
U01258,259
U01259,335
U01260,335
U01261,490
U01262,210
U01263,500
U01264,672
U01265,952
U01266,880
U01267,765
U01268,575
U01269,105
U01270,700
U01271,120
U01272,505
U01273,450
U01274,360
U01275,602
U01276,639
U01277,88
U01278,832
U01279,270
U01280,800
U01281,763
U01282,784
U01283,777
U01284,632
U01285,300
U01286,270
U01287,470
U01288,616
U01289,336
U01290,352
U01291,470
U01292,216
U01293,637
U01294,435
U01295,497
U01296,369
U01297,140
U01298,711
U01299,400
U01300,441
U01301,670
U01302,1090
U01303,376
U01304,175
U01305,198
U01306,310
U01307,570
U01308,273
U01309,540
U01310,295
U01311,459
U01312,427
U01313,360
U01314,824
U01315,784
U01316,497
U01317,264
U01318,558
U01319,225
U01320,390
U01321,665
U01322,120
U01323,55
U01324,570
U01325,315
U01326,480
U01327,805
U01328,301
U01329,165
U01330,432
U01331,918
U01332,1040
U01333,490
U01334,133
U01335,575
U01336,1050
U01337,504
U01338,1071
U01339,784
U01340,272
U01341,648
U01342,990
U01343,300
U01344,180
U01345,872
U01346,567
U01347,288
U01348,310
U01349,520
U01350,110
U01351,184
U01352,235
U01353,950
U01354,205
U01355,518
U01356,240
U01357,594
U01358,441
U01359,553
U01360,774
U01361,220
U01362,328
U01363,752
U01364,396
U01365,255
U01366,350
U01367,255
U01368,405
U01369,480
U01370,1190
U01371,500
U01372,450
U01373,168
U01374,336
U01375,612
U01376,312
U01377,399
U01378,280
U01379,189
U01380,981
U01381,189
U01382,545
U01383,504
U01384,584
U01385,280
U01386,1070
U01387,135
U01388,350
U01389,720
U01390,448
U01391,990
U01392,376
U01393,400
U01394,385
U01395,91
U01396,680
U01397,395
U01398,340
U01399,310
U01400,918
U01401,684
U01402,154
U01403,567
U01404,952
U01405,180
U01406,812
U01407,248
U01408,568
U01409,168
U01410,234
U01411,610
U01412,826
U01413,250
U01414,416
U01415,520
U01416,180
U01417,1060
U01418,171
U01419,545
U01420,510
U01421,415
U01422,738
U01423,145
U01424,696
U01425,700
U01426,460
U01427,312
U01428,476
U01429,472
U01430,532
U01431,612
U01432,690
U01433,260
U01434,99
U01435,770
U01436,360
U01437,77
U01438,1053
U01439,432
U01440,400
U01441,310
U01442,301
U01443,190
U01444,736
U01445,952
U01446,325
U01447,260
U01448,1010
U01449,161
U01450,459
U01451,392
U01452,480
U01453,735
U01454,275
U01455,730
U01456,448
U01457,544
U01458,540
U01459,736
U01460,1110
U01461,88
U01462,430
U01463,99
U01464,570
U01465,480
U01466,864
U01467,405
U01468,385
U01469,540
U01470,99
U01471,430
U01472,410
U01473,175
U01474,304
U01475,430
U01476,756
U01477,432
U01478,405
U01479,434
U01480,545
U01481,770
U01482,175
U01483,936
U01484,1040
U01485,693
U01486,450
U01487,495
U01488,85
U01489,165
U01490,144
U01491,651
U01492,728
U01493,981
U01494,280
U01495,688
U01496,231
U01497,231
U01498,650
U01499,660
U01500,208
U01501,873
U01502,423
U01503,243
U01504,140
U01505,243
U01506,525
U01507,525
U01508,792
U01509,460
U01510,328
U01511,880
U01512,480
U01513,279
U01514,185
U01515,522
U01516,1044
U01517,217
U01518,504
U01519,912
U01520,450
U01521,279
U01522,441
U01523,135
U01524,230
U01525,810
U01526,420
U01527,160
U01528,1160
U01529,104
U01530,490
U01531,336
U01532,904
U01533,522
U01534,448
U01535,721
U01536,352
U01537,990
U01538,392
U01539,55
U01540,918
U01541,210
U01542,500
U01543,345
U01544,574
U01545,90
U01546,290
U01547,696
U01548,784
U01549,434
U01550,800
U01551,330
U01552,390
U01553,333
U01554,105
U01555,651
U01556,608
U01557,595
U01558,369
U01559,665
U01560,1017
U01561,308
U01562,200
U01563,792
U01564,385
U01565,75
U01566,280
U01567,657
U01568,540
U01569,420
U01570,343
U01571,873
U01572,295
U01573,368
U01574,376
U01575,117
U01576,264
U01577,513
U01578,420
U01579,352
U01580,890
U01581,700
U01582,55
U01583,65
U01584,711
U01585,936
U01586,115
U01587,552
U01588,535
U01589,98
U01590,504
U01591,912
U01592,830
U01593,704
U01594,192
U01595,918
U01596,184
U01597,546
U01598,749
U01599,440
U01600,650
U01601,464
U01602,790
U01603,450
U01604,784
U01605,820
U01606,295
U01607,783
U01608,776
U01609,960
U01610,315
U01611,360
U01612,280
U01613,390
U01614,280
U01615,552
U01616,275
U01617,255
U01618,312
U01619,144
U01620,530
U01621,460
U01622,423
U01623,448
U01624,342
U01625,119
U01626,720
U01627,650
U01628,950
U01629,96
U01630,495
U01631,248
U01632,133
U01633,336
U01634,208
U01635,750
U01636,215
U01637,864
U01638,424
U01639,320
U01640,470
U01641,99
U01642,675
U01643,585
U01644,639
U01645,540
U01646,504
U01647,549
U01648,880
U01649,740
U01650,60
U01651,832
U01652,1180
U01653,590
U01654,532
U01655,320
U01656,272
U01657,963
U01658,637
U01659,549
U01660,500
U01661,128
U01662,520
U01663,1008
U01664,368
U01665,465
U01666,531
U01667,658
U01668,160
U01669,376
U01670,189
U01671,336
U01672,153
U01673,91
U01674,320
U01675,110
U01676,198
U01677,405
U01678,416
U01679,700
U01680,609
U01681,528
U01682,710
U01683,504
U01684,424
U01685,891
U01686,150
U01687,736
U01688,744
U01689,88
U01690,639
U01691,70
U01692,760
U01693,378
U01694,888
U01695,294
U01696,891
U01697,774
U01698,763
U01699,500
U01700,261
U01701,128
U01702,720
U01703,300
U01704,616
U01705,819
U01706,700
U01707,665
U01708,520
U01709,340
U01710,378
U01711,544
U01712,205
U01713,100
U01714,1190
U01715,777
U01716,565
U01717,747
U01718,518
U01719,290
U01720,525
U01721,792
U01722,567
U01723,930
U01724,315
U01725,792
U01726,470
U01727,105
U01728,630
U01729,325
U01730,700
U01731,90
U01732,336
U01733,110
U01734,245
U01735,791
U01736,325
U01737,207
U01738,168
U01739,585
U01740,630
U01741,1140
U01742,950
U01743,1140
U01744,469
U01745,720
U01746,385
U01747,693
U01748,774
U01749,312
U01750,810
U01751,848
U01752,410
U01753,190
U01754,588
U01755,888
U01756,580
U01757,909
U01758,70
U01759,171
U01760,736
U01761,80
U01762,1026
U01763,460
U01764,360
U01765,217
U01766,420
U01767,600
U01768,510
U01769,70
U01770,740
U01771,175
U01772,395
U01773,470
U01774,560
U01775,230
U01776,266
U01777,515
U01778,848
U01779,1080
U01780,1030
U01781,776
U01782,960
U01783,468
U01784,261
U01785,210
U01786,590
U01787,777
U01788,310
U01789,150
U01790,616
U01791,55
U01792,224
U01793,250
U01794,344
U01795,665
U01796,1120
U01797,670
U01798,352
U01799,639
U01800,295
U01801,434
U01802,720
U01803,525
U01804,154
U01805,485
U01806,396
U01807,819
U01808,590
U01809,392
U01810,250
U01811,399
U01812,522
U01813,423
U01814,882
U01815,464
U01816,413
U01817,110
U01818,216
U01819,738
U01820,1044
U01821,270
U01822,648
U01823,370
U01824,824
U01825,770
U01826,270
U01827,265
U01828,736
U01829,425
U01830,135
U01831,954
U01832,420
U01833,900
U01834,846
U01835,77
U01836,520
U01837,666
U01838,220
U01839,144
U01840,279
U01841,344
U01842,567
U01843,468
U01844,368
U01845,920
U01846,477
U01847,944
U01848,812
U01849,592
U01850,819
U01851,330
U01852,185
U01853,370
U01854,390
U01855,999
U01856,126
U01857,790
U01858,856
U01859,500
U01860,490
U01861,608
U01862,110
U01863,462
U01864,470
U01865,630
U01866,110
U01867,330
U01868,189
U01869,245
U01870,220
U01871,768
U01872,128
U01873,890
U01874,476
U01875,252
U01876,560
U01877,120
U01878,810
U01879,410
U01880,480
U01881,336
U01882,322
U01883,912
U01884,860
U01885,900
U01886,189
U01887,693
U01888,1130
U01889,350
U01890,200
U01891,125
U01892,440
U01893,768
U01894,342
U01895,357
U01896,420
U01897,522
U01898,693
U01899,336
U01900,770
U01901,588
U01902,220
U01903,738
U01904,963
U01905,720
U01906,520
U01907,336
U01908,450
U01909,600
U01910,740
U01911,774
U01912,60
U01913,650
U01914,1100
U01915,350
U01916,774
U01917,100
U01918,590
U01919,595
U01920,435
U01921,460
U01922,768
U01923,590
U01924,580
U01925,960
U01926,888
U01927,735
U01928,750
U01929,112
U01930,441
U01931,405
U01932,575
U01933,954
U01934,280
U01935,581
U01936,710
U01937,385
U01938,324
U01939,770
U01940,234
U01941,208
U01942,350
U01943,774
U01944,575
U01945,665
U01946,380
U01947,544
U01948,290
U01949,490
U01950,144
U01951,273
U01952,707
U01953,540
U01954,918
U01955,261
U01956,688
U01957,279
U01958,720
U01959,387
U01960,161
U01961,140
U01962,320
U01963,1140
U01964,70
U01965,400
U01966,270
U01967,970
U01968,1030
U01969,170
U01970,546
U01971,195
U01972,696
U01973,420
U01974,511
U01975,387
U01976,392
U01977,273
U01978,747
U01979,936
U01980,90
U01981,602
U01982,720
U01983,414
U01984,310
U01985,819
U01986,648
U01987,675
U01988,553
U01989,351
U01990,448
U01991,730
U01992,532
U01993,195
U01994,88
U01995,690
U01996,423
U01997,820
U01998,365
U01999,390
U02000,70
U02001,936
U02002,110
U02003,117
U02004,504
U02005,120
U02006,940
U02007,574
U02008,285
U02009,145
U02010,828
U02011,90
U02012,480
U02013,176
U02014,105
U02015,288
U02016,290
U02017,441
U02018,126
U02019,710
U02020,690
U02021,200
U02022,165
U02023,648
U02024,520
U02025,416
U02026,105
U02027,774
U02028,648
U02029,207
U02030,880
U02031,295
U02032,710
U02033,256
U02034,580
U02035,580
U02036,250
U02037,870
U02038,297
U02039,427
U02040,305
U02041,763
U02042,505
U02043,760
U02044,225
U02045,1130
U02046,490
U02047,308
U02048,999
U02049,280
U02050,540
U02051,630
U02052,170
U02053,70
U02054,270
U02055,285
U02056,396
U02057,1010
U02058,324
U02059,896
U02060,544
U02061,580
U02062,423
U02063,909
U02064,125
U02065,203
U02066,632
U02067,490
U02068,850
U02069,530
U02070,712
U02071,464
U02072,273
U02073,477
U02074,520
U02075,455
U02076,95
U02077,644
U02078,460
U02079,210
U02080,125
U02081,165
U02082,693
U02083,575
U02084,464
U02085,423
U02086,747
U02087,357
U02088,200
U02089,1160
U02090,882
U02091,230
U02092,285
U02093,140
U02094,1020
U02095,310
U02096,856
U02097,602
U02098,840
U02099,936
U02100,980
U02101,112
U02102,693
U02103,552
U02104,325
U02105,168
U02106,140
U02107,602
U02108,128
U02109,880
U02110,408
U02111,728
U02112,738
U02113,856
U02114,602
U02115,176
U02116,322
U02117,328
U02118,480
U02119,760
U02120,170
U02121,651
U02122,224
U02123,728
U02124,171
U02125,684
U02126,580
U02127,740
U02128,168
U02129,160
U02130,261
U02131,819
U02132,783
U02133,540
U02134,711
U02135,144
U02136,784
U02137,445
U02138,117
U02139,873
U02140,390
U02141,270
U02142,357
U02143,205
U02144,240
U02145,50
U02146,504
U02147,504
U02148,385
U02149,550
U02150,378
U02151,416
U02152,765
U02153,240
U02154,306
U02155,1030
U02156,530
U02157,189
U02158,621
U02159,510
U02160,540
U02161,168
U02162,440
U02163,380
U02164,801
U02165,693
U02166,368
U02167,522
U02168,182
U02169,344
U02170,1080
U02171,567
U02172,396
U02173,144
U02174,459
U02175,160
U02176,477
U02177,184
U02178,153
U02179,824
U02180,1017
U02181,672
U02182,399
U02183,595
U02184,693
U02185,777
U02186,162
U02187,833
U02188,245
U02189,711
U02190,1040
U02191,360
U02192,441
U02193,658
U02194,352
U02195,200
U02196,495
U02197,336
U02198,920
U02199,1130
U02200,936
U02201,325
U02202,259
U02203,575
U02204,90
U02205,70
U02206,180
U02207,207
U02208,981
U02209,576
U02210,792
U02211,441
U02212,290
U02213,98
U02214,450
U02215,856
U02216,200
U02217,505
U02218,364
U02219,259
U02220,860
U02221,120
U02222,1110
U02223,565
U02224,525
U02225,840
U02226,530
U02227,909
U02228,171
U02229,120
U02230,904
U02231,730
U02232,140
U02233,770
U02234,290
U02235,495
U02236,450
U02237,208
U02238,918
U02239,207
U02240,455
U02241,963
U02242,100
U02243,176
U02244,531
U02245,729
U02246,530
U02247,714
U02248,999
U02249,198
U02250,416
U02251,1035
U02252,370
U02253,375
U02254,325
U02255,477
U02256,119
U02257,744
U02258,195
U02259,364
U02260,1090
U02261,679
U02262,476
U02263,1026
U02264,819
U02265,427
U02266,801
U02267,690
U02268,154
U02269,162
U02270,981
U02271,205
U02272,234
U02273,459
U02274,930
U02275,440
U02276,115
U02277,1053
U02278,360
U02279,504
U02280,130
U02281,364
U02282,256
U02283,216
U02284,220
U02285,940
U02286,364
U02287,140
U02288,130
U02289,145
U02290,960
U02291,819
U02292,650
U02293,290
U02294,405
U02295,133
U02296,170
U02297,250
U02298,920
U02299,182
U02300,224
U02301,180
U02302,644
U02303,664
U02304,873
U02305,504
U02306,608
U02307,525
U02308,610
U02309,620
U02310,576
U02311,224
U02312,133
U02313,630
U02314,729
U02315,290
U02316,576
U02317,690
U02318,1190
U02319,252
U02320,450
U02321,203
U02322,112
U02323,549
U02324,830
U02325,60
U02326,621
U02327,710
U02328,252
U02329,200
U02330,450
U02331,380
U02332,711
U02333,405
U02334,505
U02335,1010
U02336,320
U02337,160
U02338,350
U02339,1020
U02340,800
U02341,350
U02342,744
U02343,105
U02344,416
U02345,1000
U02346,96
U02347,549
U02348,98
U02349,756
U02350,342
U02351,486
U02352,360
U02353,420
U02354,245
U02355,495
U02356,300
U02357,846
U02358,729
U02359,664
U02360,245
U02361,592
U02362,735
U02363,215
U02364,400
U02365,270
U02366,272
U02367,816
U02368,420
U02369,259
U02370,243
U02371,155
U02372,856
U02373,1110
U02374,740
U02375,280
U02376,590
U02377,115
U02378,98
U02379,395
U02380,539
U02381,420
U02382,510
U02383,231
U02384,385
U02385,325
U02386,200
U02387,325
U02388,330
U02389,544
U02390,944
U02391,315
U02392,558
U02393,424
U02394,243
U02395,208
U02396,700
U02397,180
U02398,742
U02399,405
U02400,595
U02401,96
U02402,890
U02403,230
U02404,230
U02405,712
U02406,980
U02407,378
U02408,730
U02409,504
U02410,469
U02411,390
U02412,760
U02413,832
U02414,480
U02415,460
U02416,520
U02417,679
U02418,198
U02419,752
U02420,50
U02421,272
U02422,240
U02423,175
U02424,900
U02425,301
U02426,656
U02427,824
U02428,555
U02429,350
U02430,108
U02431,528
U02432,128
U02433,424
U02434,150
U02435,320
U02436,99
U02437,522
U02438,378
U02439,672
U02440,714
U02441,342
U02442,711
U02443,440
U02444,420
U02445,400
U02446,630
U02447,448
U02448,747
U02449,234
U02450,260
U02451,504
U02452,120
U02453,243
U02454,744
U02455,200
U02456,336
U02457,112
U02458,510
U02459,848
U02460,1080
U02461,392
U02462,95
U02463,792
U02464,990
U02465,545
U02466,180
U02467,340
U02468,848
U02469,592
U02470,1090
U02471,470
U02472,315
U02473,830
U02474,296
U02475,369
U02476,656
U02477,528
U02478,162
U02479,448
U02480,343
U02481,693
U02482,351
U02483,415
U02484,468
U02485,375
U02486,891
U02487,208
U02488,279
U02489,440
U02490,392
U02491,210
U02492,462
U02493,720
U02494,440
U02495,180
U02496,392
U02497,594
U02498,60
U02499,742
U02500,728
U02501,808
U02502,721
U02503,623
U02504,640
U02505,830
U02506,665
U02507,175
U02508,200
U02509,154
U02510,882
U02511,405
U02512,774
U02513,763
U02514,511
U02515,100
U02516,1150
U02517,90
U02518,639
U02519,621
U02520,220
U02521,155
U02522,315
U02523,399
U02524,595
U02525,210
U02526,248
U02527,550
U02528,364
U02529,265
U02530,343
U02531,434
U02532,130
U02533,864
U02534,792
U02535,225
U02536,280
U02537,595
U02538,147
U02539,774
U02540,790
U02541,360
U02542,696
U02543,656
U02544,120
U02545,990
U02546,575
U02547,320
U02548,600
U02549,120
U02550,304
U02551,252
U02552,130
U02553,150
U02554,416
U02555,500
U02556,670
U02557,1100
U02558,405
U02559,205
U02560,450
U02561,612
U02562,350
U02563,270
U02564,450
U02565,774
U02566,280
U02567,540
U02568,80
U02569,810
U02570,270
U02571,735
U02572,738
U02573,340
U02574,50
U02575,294
U02576,1000
U02577,620
U02578,890
U02579,475
U02580,744
U02581,84
U02582,203
U02583,560
U02584,756
U02585,245
U02586,160
U02587,100
U02588,1008
U02589,70
U02590,424
U02591,96
U02592,1040
U02593,1180
U02594,550
U02595,497
U02596,765
U02597,585
U02598,930
U02599,830
U02600,384
U02601,616
U02602,280
U02603,910
U02604,295
U02605,130
U02606,136
U02607,711
U02608,189
U02609,1053
U02610,406
U02611,900
U02612,117
U02613,368
U02614,504
U02615,365
U02616,99
U02617,720
U02618,297
U02619,850
U02620,392
U02621,480
U02622,936
U02623,295
U02624,930
U02625,819
U02626,660
U02627,712
U02628,368
U02629,720
U02630,480
U02631,95
U02632,306
U02633,585
U02634,749
U02635,539
U02636,217
U02637,738
U02638,198
U02639,736
U02640,75
U02641,413
U02642,518
U02643,290
U02644,833
U02645,927
U02646,110
U02647,1062
U02648,140
U02649,140
U02650,91
U02651,710
U02652,546
U02653,70
U02654,936
U02655,395
U02656,640
U02657,168
U02658,160
U02659,430
U02660,280
U02661,864
U02662,396
U02663,270
U02664,210
U02665,1000
U02666,217
U02667,518
U02668,50
U02669,279
U02670,200
U02671,540
U02672,981
U02673,750
U02674,275
U02675,196
U02676,387
U02677,528
U02678,590
U02679,70
U02680,450
U02681,1017
U02682,176
U02683,261
U02684,810
U02685,462
U02686,540
U02687,819
U02688,301
U02689,208
U02690,259
U02691,833
U02692,747
U02693,750
U02694,448
U02695,777
U02696,990
U02697,837
U02698,680
U02699,616
U02700,120
U02701,135
U02702,784
U02703,477
U02704,133
U02705,477
U02706,220
U02707,384
U02708,300
U02709,693
U02710,256
U02711,690
U02712,234
U02713,50
U02714,135
U02715,250
U02716,520
U02717,468
U02718,120
U02719,790
U02720,798
U02721,170
U02722,1030
U02723,584
U02724,792
U02725,272
U02726,133
U02727,306
U02728,608
U02729,203
U02730,215
U02731,185
U02732,330
U02733,1030
U02734,105
U02735,830
U02736,808
U02737,525
U02738,270
U02739,904
U02740,720
U02741,161
U02742,1040
U02743,445
U02744,486
U02745,1040
U02746,410
U02747,408
U02748,616
U02749,784
U02750,1070
U02751,95
U02752,550
U02753,891
U02754,920
U02755,880
U02756,265
U02757,650
U02758,784
U02759,250
U02760,760
U02761,832
U02762,350
U02763,128
U02764,515
U02765,730
U02766,640
U02767,550
U02768,287
U02769,808
U02770,185
U02771,245
U02772,630
U02773,1026
U02774,664
U02775,462
U02776,621
U02777,140
U02778,567
U02779,175
U02780,585
U02781,511
U02782,837
U02783,215
U02784,515
U02785,344
U02786,320
U02787,472
U02788,490
U02789,656
U02790,749
U02791,210
U02792,270
U02793,150
U02794,315
U02795,1080
U02796,125
U02797,1090
U02798,999
U02799,873
U02800,639
U02801,217
U02802,306
U02803,560
U02804,335
U02805,639
U02806,763
U02807,510
U02808,736
U02809,280
U02810,360
U02811,560
U02812,405
U02813,632
U02814,549
U02815,970
U02816,1090
U02817,152
U02818,91
U02819,205
U02820,749
U02821,215
U02822,325
U02823,335
U02824,602
U02825,904
U02826,392
U02827,832
U02828,750
U02829,512
U02830,99
U02831,530
U02832,690
U02833,310
U02834,150
U02835,375
U02836,704
U02837,640
U02838,616
U02839,567
U02840,408
U02841,290
U02842,624
U02843,55
U02844,1120
U02845,475
U02846,920
U02847,415
U02848,297
U02849,125
U02850,104
U02851,280
U02852,150
U02853,270
U02854,90
U02855,774
U02856,1020
U02857,963
U02858,279
U02859,119
U02860,230
U02861,390
U02862,744
U02863,648
U02864,434
U02865,553
U02866,288
U02867,90
U02868,400
U02869,575
U02870,232
U02871,70
U02872,480
U02873,288
U02874,840
U02875,392
U02876,240
U02877,890
U02878,184
U02879,522
U02880,729
U02881,189
U02882,616
U02883,511
U02884,490
U02885,310
U02886,525
U02887,768
U02888,145
U02889,65
U02890,350
U02891,882
U02892,90
U02893,736
U02894,749
U02895,320
U02896,870
U02897,693
U02898,185
U02899,360
U02900,376
U02901,252
U02902,1140
U02903,320
U02904,568
U02905,272
U02906,304
U02907,936
U02908,963
U02909,612
U02910,360
U02911,513
U02912,880
U02913,448
U02914,350
U02915,826
U02916,355
U02917,666
U02918,640
U02919,720
U02920,364
U02921,535
U02922,812
U02923,80
U02924,84
U02925,200
U02926,1030
U02927,1020
U02928,190
U02929,756
U02930,790
U02931,140
U02932,280
U02933,351
U02934,315
U02935,252
U02936,150
U02937,518
U02938,294
U02939,630
U02940,1010
U02941,472
U02942,1050
U02943,432
U02944,240
U02945,340
U02946,580
U02947,55
U02948,100
U02949,776
U02950,330
U02951,747
U02952,510
U02953,540
U02954,846
U02955,140
U02956,336
U02957,603
U02958,588
U02959,684
U02960,296
U02961,115
U02962,920
U02963,325
U02964,336
U02965,287
U02966,600
U02967,448
U02968,414
U02969,936
U02970,115
U02971,328
U02972,981
U02973,130
U02974,560
U02975,290
U02976,265
U02977,200
U02978,295
U02979,424
U02980,608
U02981,264
U02982,60
U02983,432
U02984,560
U02985,600
U02986,1030
U02987,776
U02988,920
U02989,470
U02990,495
U02991,448
U02992,345
U02993,96
U02994,261
U02995,176
U02996,240
U02997,205
U02998,1120
U02999,112
U03000,170
U03001,873
U03002,365
U03003,120
U03004,490
U03005,312
U03006,539
U03007,777
U03008,536
U03009,245
U03010,390
U03011,270
U03012,305
U03013,387
U03014,430
U03015,800
U03016,840
U03017,693
U03018,1060
U03019,130
U03020,160
U03021,756
U03022,504
U03023,432
U03024,410
U03025,780
U03026,490
U03027,152
U03028,936
U03029,651
U03030,1040
U03031,399
U03032,330
U03033,248
U03034,100
U03035,190
U03036,290
U03037,749
U03038,231
U03039,170
U03040,800
U03041,160
U03042,972
U03043,155
U03044,928
U03045,944
U03046,820
U03047,480
U03048,1020
U03049,511
U03050,176
U03051,105
U03052,590
U03053,324
U03054,216
U03055,567
U03056,570
U03057,833
U03058,275
U03059,752
U03060,432
U03061,170
U03062,308
U03063,780
U03064,368
U03065,165
U03066,640
U03067,245
U03068,154
U03069,256
U03070,315
U03071,585
U03072,105
U03073,472
U03074,98
U03075,207
U03076,540
U03077,342
U03078,189
U03079,680
U03080,310
U03081,295
U03082,670
U03083,320
U03084,410
U03085,147
U03086,576
U03087,440
U03088,497
U03089,686
U03090,470
U03091,850
U03092,154
U03093,325
U03094,152
U03095,630
U03096,880
U03097,918
U03098,980
U03099,147
U03100,150
U03101,486
U03102,280
U03103,510
U03104,472
U03105,904
U03106,712
U03107,475
U03108,345
U03109,630
U03110,465
U03111,160
U03112,553
U03113,380
U03114,330
U03115,220
U03116,270
U03117,330
U03118,350
U03119,768
U03120,531
U03121,168
U03122,1071
U03123,180
U03124,140
U03125,441
U03126,539
U03127,240
U03128,855
U03129,230
U03130,888
U03131,696
U03132,190
U03133,441
U03134,616
U03135,830
U03136,800
U03137,100
U03138,540
U03139,400
U03140,198
U03141,970
U03142,140
U03143,344
U03144,581
U03145,749
U03146,624
U03147,540
U03148,930
U03149,693
U03150,410
U03151,742
U03152,315
U03153,384
U03154,497
U03155,344
U03156,990
U03157,833
U03158,395
U03159,594
U03160,305
U03161,651
U03162,930
U03163,672
U03164,235
U03165,85
U03166,155
U03167,504
U03168,630
U03169,406
U03170,320
U03171,490
U03172,80
U03173,896
U03174,679
U03175,620
U03176,580
U03177,747
U03178,434
U03179,488
U03180,288
U03181,126
U03182,400
U03183,360
U03184,765
U03185,960
U03186,395
U03187,1170
U03188,189
U03189,465
U03190,168
U03191,248
U03192,670
U03193,260
U03194,567
U03195,749
U03196,972
U03197,864
U03198,416
U03199,333
U03200,720
U03201,704
U03202,161
U03203,464
U03204,1060
U03205,350
U03206,812
U03207,110
U03208,108
U03209,245
U03210,1030
U03211,632
U03212,621
U03213,567
U03214,480
U03215,410
U03216,470
U03217,623
U03218,736
U03219,147
U03220,441
U03221,729
U03222,390
U03223,520
U03224,610
U03225,680
U03226,679
U03227,944
U03228,1026
U03229,928
U03230,207
U03231,304
U03232,350
U03233,416
U03234,575
U03235,390
U03236,200
U03237,416
U03238,963
U03239,920
U03240,355
U03241,855
U03242,504
U03243,816
U03244,126
U03245,252
U03246,783
U03247,568
U03248,306
U03249,486
U03250,310
U03251,600
U03252,920
U03253,740
U03254,918
U03255,415
U03256,450
U03257,420
U03258,870
U03259,651
U03260,440
U03261,712
U03262,670
U03263,360
U03264,1044
U03265,324
U03266,260
U03267,462
U03268,380
U03269,430
U03270,856
U03271,231
U03272,275
U03273,824
U03274,496
U03275,630
U03276,336
U03277,776
U03278,630
U03279,180
U03280,513
U03281,369
U03282,670
U03283,400
U03284,430
U03285,128
U03286,285
U03287,1026
U03288,837
U03289,232
U03290,700
U03291,560
U03292,315
U03293,720
U03294,210
U03295,440
U03296,315
U03297,520
U03298,448
U03299,245
U03300,280
U03301,837
U03302,686
U03303,135
U03304,95
U03305,545
U03306,570
U03307,410
U03308,855
U03309,336
U03310,306
U03311,272
U03312,515
U03313,608
U03314,819
U03315,392
U03316,730
U03317,880
U03318,972
U03319,535
U03320,981
U03321,290
U03322,791
U03323,65
U03324,560
U03325,370
U03326,480
U03327,576
U03328,220
U03329,176
U03330,819
U03331,777
U03332,637
U03333,632
U03334,558
U03335,170
U03336,355
U03337,592
U03338,856
U03339,570
U03340,774
U03341,637
U03342,180
U03343,624
U03344,595
U03345,345
U03346,900
U03347,399
U03348,128
U03349,390
U03350,504
U03351,266
U03352,270
U03353,486
U03354,549
U03355,294
U03356,744
U03357,810
U03358,603
U03359,288
U03360,340
U03361,205
U03362,972
U03363,424
U03364,190
U03365,532
U03366,306
U03367,490
U03368,270
U03369,224
U03370,730
U03371,864
U03372,954
U03373,891
U03374,468
U03375,1000
U03376,777
U03377,238
U03378,234
U03379,848
U03380,940
U03381,208
U03382,1071
U03383,544
U03384,390
U03385,930
U03386,1080
U03387,96
U03388,1190
U03389,430
U03390,500
U03391,464
U03392,650
U03393,712
U03394,824
U03395,666
U03396,568
U03397,270
U03398,117
U03399,783
U03400,819
U03401,315
U03402,238
U03403,927
U03404,272
U03405,536
U03406,220
U03407,576
U03408,344
U03409,70
U03410,308
U03411,152
U03412,486
U03413,890
U03414,322
U03415,80
U03416,476
U03417,675
U03418,909
U03419,728
U03420,1160
U03421,1030
U03422,864
U03423,189
U03424,200
U03425,252
U03426,1090
U03427,410
U03428,490
U03429,400
U03430,1044
U03431,540
U03432,704
U03433,210
U03434,567
U03435,161
U03436,490
U03437,609
U03438,136
U03439,616
U03440,1180
U03441,396
U03442,387
U03443,801
U03444,155
U03445,231
U03446,200
U03447,550
U03448,505
U03449,240
U03450,360
U03451,999
U03452,546
U03453,513
U03454,248
U03455,637
U03456,230
U03457,455
U03458,830
U03459,448
U03460,325
U03461,1050
U03462,603
U03463,480
U03464,153
U03465,427
U03466,290
U03467,350
U03468,70
U03469,928
U03470,154
U03471,1062
U03472,558
U03473,230
U03474,330
U03475,570
U03476,520
U03477,525
U03478,423
U03479,590
U03480,570
U03481,485
U03482,595
U03483,930
U03484,504
U03485,98
U03486,792
U03487,490
U03488,784
U03489,515
U03490,205
U03491,180
U03492,110
U03493,750
U03494,235
U03495,136
U03496,50
U03497,208
U03498,224
U03499,390
U03500,630
U03501,369
U03502,810
U03503,1040
U03504,896
U03505,522
U03506,448
U03507,424
U03508,154
U03509,912
U03510,1000
U03511,75
U03512,623
U03513,664
U03514,525
U03515,280
U03516,600
U03517,855
U03518,540
U03519,510
U03520,238
U03521,420
U03522,1010
U03523,117
U03524,350
U03525,350
U03526,621
U03527,230
U03528,340
U03529,387
U03530,485
U03531,360
U03532,712
U03533,160
U03534,480
U03535,872
U03536,612
U03537,729
U03538,378
U03539,304
U03540,264
U03541,840
U03542,784
U03543,742
U03544,306
U03545,112
U03546,530
U03547,196
U03548,819
U03549,168
U03550,610
U03551,329
U03552,88
U03553,820
U03554,459
U03555,918
U03556,945
U03557,560
U03558,220
U03559,710
U03560,870
U03561,475
U03562,65
U03563,693
U03564,375
U03565,550
U03566,520
U03567,310
U03568,240
U03569,216
U03570,424
U03571,656
U03572,378
U03573,904
U03574,310
U03575,235
U03576,1130
U03577,384
U03578,210
U03579,728
U03580,927
U03581,392
U03582,250
U03583,710
U03584,392
U03585,672
U03586,128
U03587,270
U03588,300
U03589,496
U03590,657
U03591,515
U03592,792
U03593,630
U03594,483
U03595,406
U03596,325
U03597,909
U03598,189
U03599,270
U03600,100
U03601,85
U03602,380
U03603,455
U03604,504
U03605,207
U03606,760
U03607,370
U03608,518
U03609,840
U03610,396
U03611,567
U03612,243
U03613,360
U03614,882
U03615,464
U03616,126
U03617,450
U03618,558
U03619,972
U03620,980
U03621,574
U03622,410
U03623,728
U03624,888
U03625,1071
U03626,546
U03627,630
U03628,378
U03629,231
U03630,425
U03631,350
U03632,735
U03633,620
U03634,544
U03635,1008
U03636,344
U03637,210
U03638,728
U03639,812
U03640,150
U03641,252
U03642,610
U03643,485
U03644,756
U03645,470
U03646,680
U03647,632
U03648,170
U03649,180
U03650,290
U03651,1070
U03652,405
U03653,882
U03654,730
U03655,75
U03656,280
U03657,300
U03658,320
U03659,300
U03660,550
U03661,736
U03662,192
U03663,475
U03664,880
U03665,55
U03666,900
U03667,336
U03668,890
U03669,434
U03670,405
U03671,612
U03672,752
U03673,261
U03674,415
U03675,413
U03676,140
U03677,333
U03678,490
U03679,500
U03680,550
U03681,920
U03682,777
U03683,450
U03684,1100
U03685,840
U03686,833
U03687,80
U03688,702
U03689,936
U03690,464
U03691,210
U03692,440
U03693,576
U03694,70
U03695,324
U03696,335
U03697,632
U03698,545
U03699,640
U03700,217
U03701,1190
U03702,232
U03703,872
U03704,720
U03705,927
U03706,658
U03707,585
U03708,75
U03709,104
U03710,1130
U03711,864
U03712,702
U03713,784
U03714,640
U03715,536
U03716,152
U03717,756
U03718,1040
U03719,920
U03720,470
U03721,395
U03722,414
U03723,1110
U03724,176
U03725,279
U03726,168
U03727,721
U03728,640
U03729,65
U03730,450
U03731,952
U03732,448
U03733,660
U03734,470
U03735,488
U03736,205
U03737,888
U03738,954
U03739,936
U03740,1110
U03741,510
U03742,702
U03743,891
U03744,880
U03745,640
U03746,336
U03747,500
U03748,230
U03749,567
U03750,684
U03751,505
U03752,600
U03753,90
U03754,70
U03755,560
U03756,530
U03757,544
U03758,368
U03759,736
U03760,450
U03761,413
U03762,330
U03763,368
U03764,176
U03765,441
U03766,144
U03767,135
U03768,108
U03769,180
U03770,1035
U03771,850
U03772,320
U03773,558
U03774,595
U03775,900
U03776,325
U03777,672
U03778,756
U03779,380
U03780,90
U03781,410
U03782,380
U03783,335
U03784,666
U03785,225
U03786,350
U03787,637
U03788,616
U03789,488
U03790,680
U03791,798
U03792,693
U03793,168
U03794,306
U03795,927
U03796,728
U03797,560
U03798,330
U03799,413
U03800,230
U03801,385
U03802,270
U03803,280
U03804,1170
U03805,873
U03806,828
U03807,880
U03808,525
U03809,570
U03810,777
U03811,510
U03812,190
U03813,500
U03814,640
U03815,250
U03816,630
U03817,184
U03818,639
U03819,368
U03820,1035
U03821,950
U03822,693
U03823,540
U03824,500
U03825,1010
U03826,395
U03827,770
U03828,575
U03829,364
U03830,792
U03831,920
U03832,910
U03833,460
U03834,105
U03835,830
U03836,952
U03837,790
U03838,855
U03839,430
U03840,285
U03841,603
U03842,812
U03843,144
U03844,740
U03845,252
U03846,630
U03847,90
U03848,1071
U03849,1010
U03850,50
U03851,369
U03852,780
U03853,235
U03854,105
U03855,702
U03856,120
U03857,832
U03858,312
U03859,791
U03860,370
U03861,640
U03862,162
U03863,245
U03864,105
U03865,610
U03866,234
U03867,952
U03868,329
U03869,168
U03870,774
U03871,729
U03872,475
U03873,711
U03874,280
U03875,168
U03876,1017
U03877,450
U03878,700
U03879,165
U03880,1080
U03881,351
U03882,434
U03883,160
U03884,630
U03885,215
U03886,850
U03887,430
U03888,920
U03889,528
U03890,688
U03891,660
U03892,630
U03893,950
U03894,918
U03895,944
U03896,920
U03897,350
U03898,688
U03899,456
U03900,119
U03901,180
U03902,546
U03903,679
U03904,632
U03905,565
U03906,686
U03907,750
U03908,720
U03909,190
U03910,120
U03911,336
U03912,279
U03913,252
U03914,644
U03915,405
U03916,261
U03917,510
U03918,980
U03919,927
U03920,455
U03921,657
U03922,576
U03923,540
U03924,532
U03925,98
U03926,217
U03927,350
U03928,440
U03929,963
U03930,399
U03931,744
U03932,896
U03933,1008
U03934,270
U03935,205
U03936,441
U03937,340
U03938,900
U03939,168
U03940,144
U03941,441
U03942,126
U03943,650
U03944,248
U03945,70
U03946,368
U03947,182
U03948,224
U03949,612
U03950,740
U03951,873
U03952,608
U03953,70
U03954,530
U03955,848
U03956,210
U03957,728
U03958,224
U03959,800
U03960,459
U03961,171
U03962,252
U03963,230
U03964,238
U03965,763
U03966,515
U03967,469
U03968,380
U03969,810
U03970,336
U03971,88
U03972,427
U03973,330
U03974,295
U03975,434
U03976,175
U03977,480
U03978,441
U03979,904
U03980,210
U03981,396
U03982,250
U03983,270
U03984,518
U03985,609
U03986,711
U03987,216
U03988,65
U03989,592
U03990,304
U03991,290
U03992,160
U03993,424
U03994,544
U03995,536
U03996,240
U03997,203
U03998,837
U03999,819
U04000,525
U04001,250
U04002,330
U04003,240
U04004,792
U04005,735
U04006,125
U04007,1080
U04008,400
U04009,783
U04010,1130
U04011,261
U04012,84
U04013,590
U04014,1035
U04015,730
U04016,231
U04017,370
U04018,160
U04019,243
U04020,406
U04021,413
U04022,658
U04023,360
U04024,980
U04025,445
U04026,550
U04027,864
U04028,410
U04029,333
U04030,530
U04031,890
U04032,832
U04033,505
U04034,749
U04035,768
U04036,568
U04037,747
U04038,385
U04039,445
U04040,833
U04041,882
U04042,549
U04043,1000
U04044,927
U04045,680
U04046,560
U04047,648
U04048,430
U04049,225
U04050,432
U04051,196
U04052,220
U04053,565
U04054,330
U04055,810
U04056,808
U04057,450
U04058,744
U04059,900
U04060,608
U04061,864
U04062,395
U04063,490
U04064,765
U04065,826
U04066,266
U04067,185
U04068,205
U04069,729
U04070,264
U04071,301
U04072,336
U04073,760
U04074,336
U04075,540
U04076,145
U04077,690
U04078,963
U04079,368
U04080,580
U04081,440
U04082,243
U04083,585
U04084,133
U04085,600
U04086,657
U04087,55
U04088,392
U04089,765
U04090,560
U04091,747
U04092,720
U04093,375
U04094,990
U04095,300
U04096,279
U04097,416
U04098,405
U04099,430
U04100,185
U04101,1170
U04102,712
U04103,784
U04104,60
U04105,465
U04106,400
U04107,552
U04108,145
U04109,736
U04110,130
U04111,1130
U04112,440
U04113,300
U04114,104
U04115,414
U04116,624
U04117,280
U04118,584
U04119,270
U04120,550
U04121,435
U04122,243
U04123,880
U04124,320
U04125,616
U04126,909
U04127,763
U04128,780
U04129,252
U04130,112
U04131,90
U04132,315
U04133,790
U04134,1070
U04135,488
U04136,981
U04137,476
U04138,819
U04139,225
U04140,747
U04141,432
U04142,912
U04143,315
U04144,185
U04145,960
U04146,1160
U04147,963
U04148,265
U04149,530
U04150,440
U04151,1000
U04152,1017
U04153,608
U04154,545
U04155,288
U04156,240
U04157,918
U04158,470
U04159,357
U04160,565
U04161,322
U04162,325
U04163,580
U04164,470
U04165,441
U04166,459
U04167,153
U04168,350
U04169,720
U04170,420
U04171,856
U04172,425
U04173,545
U04174,940
U04175,85
U04176,763
U04177,616
U04178,784
U04179,630
U04180,185
U04181,235
U04182,990
U04183,85
U04184,584
U04185,207
U04186,215
U04187,972
U04188,342
U04189,100
U04190,230
U04191,735
U04192,255
U04193,105
U04194,630
U04195,624
U04196,729
U04197,544
U04198,340
U04199,900
U04200,252
U04201,280
U04202,693
U04203,511
U04204,475
U04205,840
U04206,801
U04207,162
U04208,900
U04209,730
U04210,658
U04211,406
U04212,120
U04213,896
U04214,216
U04215,175
U04216,528
U04217,512
U04218,688
U04219,264
U04220,1050
U04221,774
U04222,325
U04223,385
U04224,130
U04225,980
U04226,126
U04227,896
U04228,305
U04229,306
U04230,210
U04231,360
U04232,55
U04233,189
U04234,712
U04235,550
U04236,504
U04237,603
U04238,720
U04239,288
U04240,936
U04241,399
U04242,272
U04243,950
U04244,168
U04245,552
U04246,500
U04247,525
U04248,644
U04249,590
U04250,98
U04251,310
U04252,304
U04253,279
U04254,936
U04255,392
U04256,774
U04257,154
U04258,154
U04259,295
U04260,666
U04261,297
U04262,125
U04263,432
U04264,90
U04265,220
U04266,763
U04267,693
U04268,256
U04269,1180
U04270,203
U04271,819
U04272,430
U04273,856
U04274,672
U04275,490
U04276,522
U04277,100
U04278,310
U04279,1030
U04280,744
U04281,112
U04282,672
U04283,1040
U04284,315
U04285,819
U04286,590
U04287,483
U04288,126
U04289,800
U04290,1010
U04291,77
U04292,860
U04293,320
U04294,126
U04295,648
U04296,88
U04297,252
U04298,610
U04299,128
U04300,963
U04301,999
U04302,608
U04303,1060
U04304,84
U04305,558
U04306,1120
U04307,180
U04308,612
U04309,235
U04310,200
U04311,497
U04312,1000
U04313,665
U04314,140
U04315,416
U04316,576
U04317,256
U04318,75
U04319,105
U04320,495
U04321,360
U04322,369
U04323,140
U04324,832
U04325,549
U04326,837
U04327,136
U04328,190
U04329,344
U04330,270
U04331,1008
U04332,325
U04333,390
U04334,504
U04335,400
U04336,707
U04337,427
U04338,128
U04339,672
U04340,693
U04341,279
U04342,252
U04343,280
U04344,952
U04345,130
U04346,630
U04347,783
U04348,217
U04349,536
U04350,855
U04351,70
U04352,384
U04353,720
U04354,700
U04355,1050
U04356,75
U04357,304
U04358,544
U04359,696
U04360,180
U04361,1020
U04362,280
U04363,342
U04364,550
U04365,570
U04366,904
U04367,693
U04368,970
U04369,210
U04370,704
U04371,225
U04372,686
U04373,170
U04374,936
U04375,189
U04376,530
U04377,352
U04378,460
U04379,830
U04380,738
U04381,910
U04382,880
U04383,912
U04384,450
U04385,343
U04386,220
U04387,414
U04388,60
U04389,623
U04390,161
U04391,112
U04392,520
U04393,512
U04394,1044
U04395,927
U04396,324
U04397,670
U04398,108
U04399,160
U04400,1130
U04401,656
U04402,590
U04403,791
U04404,485
U04405,505
U04406,770
U04407,912
U04408,525
U04409,936
U04410,660
U04411,700
U04412,264
U04413,406
U04414,936
U04415,450
U04416,200
U04417,115
U04418,430
U04419,1008
U04420,819
U04421,720
U04422,609
U04423,872
U04424,126
U04425,225
U04426,1180
U04427,770
U04428,261
U04429,368
U04430,312
U04431,105
U04432,165
U04433,234
U04434,567
U04435,873
U04436,423
U04437,472
U04438,448
U04439,485
U04440,840
U04441,445
U04442,50
U04443,460
U04444,936
U04445,736
U04446,580
U04447,1190
U04448,630
U04449,504
U04450,702
U04451,462
U04452,520
U04453,770
U04454,344
U04455,765
U04456,784
U04457,308
U04458,666
U04459,1071
U04460,504
U04461,990
U04462,154
U04463,420
U04464,819
U04465,623
U04466,930
U04467,330
U04468,513
U04469,300
U04470,1140
U04471,160
U04472,1071
U04473,510
U04474,315
U04475,190
U04476,150
U04477,195
U04478,430
U04479,1053
U04480,168
U04481,637
U04482,750
U04483,575
U04484,560
U04485,205
U04486,459
U04487,357
U04488,99
U04489,344
U04490,872
U04491,360
U04492,408
U04493,1070
U04494,350
U04495,651
U04496,399
U04497,910
U04498,680
U04499,476
U04500,420
U04501,133
U04502,160
U04503,610
U04504,95
U04505,728
U04506,570
U04507,525
U04508,224
U04509,306
U04510,224
U04511,930
U04512,540
U04513,1090
U04514,256
U04515,549
U04516,77
U04517,100
U04518,215
U04519,581
U04520,505
U04521,1017
U04522,918
U04523,1140
U04524,104
U04525,279
U04526,585
U04527,413
U04528,1120
U04529,396
U04530,441
U04531,50
U04532,340
U04533,944
U04534,1140
U04535,1035
U04536,145
U04537,765
U04538,702
U04539,864
U04540,812
U04541,380
U04542,280
U04543,558
U04544,238
U04545,728
U04546,224
U04547,55
U04548,711
U04549,1130
U04550,581
U04551,84
U04552,120
U04553,288
U04554,434
U04555,208
U04556,60
U04557,333
U04558,336
U04559,112
U04560,657
U04561,600
U04562,360
U04563,480
U04564,153
U04565,720
U04566,245
U04567,306
U04568,350
U04569,820
U04570,189
U04571,480
U04572,230
U04573,736
U04574,513
U04575,295
U04576,980
U04577,860
U04578,1080
U04579,486
U04580,672
U04581,270
U04582,930
U04583,252
U04584,192
U04585,909
U04586,405
U04587,1020
U04588,410
U04589,96
U04590,205
U04591,155
U04592,279
U04593,168
U04594,441
U04595,490
U04596,740
U04597,776
U04598,837
U04599,392
U04600,207
U04601,680
U04602,112
U04603,808
U04604,259
U04605,434
U04606,603
U04607,198
U04608,560
U04609,464
U04610,133
U04611,1180
U04612,234
U04613,592
U04614,1170
U04615,441
U04616,513
U04617,832
U04618,768
U04619,729
U04620,860
U04621,850
U04622,210
U04623,610
U04624,696
U04625,896
U04626,85
U04627,765
U04628,117
U04629,828
U04630,140
U04631,171
U04632,1050
U04633,575
U04634,440
U04635,190
U04636,371
U04637,819
U04638,100
U04639,410
U04640,340
U04641,234
U04642,820
U04643,370
U04644,294
U04645,294
U04646,330
U04647,376
U04648,160
U04649,425
U04650,540
U04651,413
U04652,960
U04653,392
U04654,105
U04655,185
U04656,801
U04657,220
U04658,1017
U04659,792
U04660,413
U04661,530
U04662,300
U04663,580
U04664,55
U04665,665
U04666,856
U04667,710
U04668,1035
U04669,552
U04670,576
U04671,350
U04672,184
U04673,630
U04674,88
U04675,820
U04676,700
U04677,369
U04678,558
U04679,300
U04680,376
U04681,343
U04682,325
U04683,408
U04684,335
U04685,1062
U04686,510
U04687,395
U04688,147
U04689,460
U04690,525
U04691,80
U04692,350
U04693,280
U04694,616
U04695,530
U04696,832
U04697,340
U04698,721
U04699,837
U04700,413
U04701,581
U04702,688
U04703,780
U04704,130
U04705,110
U04706,1160
U04707,1017
U04708,260
U04709,576
U04710,434
U04711,368
U04712,650
U04713,50
U04714,950
U04715,560
U04716,594
U04717,416
U04718,270
U04719,333
U04720,700
U04721,50
U04722,385
U04723,342
U04724,126
U04725,1090
U04726,416
U04727,280
U04728,760
U04729,344
U04730,440
U04731,91
U04732,465
U04733,234
U04734,220
U04735,96
U04736,511
U04737,315
U04738,287
U04739,672
U04740,456
U04741,390
U04742,880
U04743,1100
U04744,210
U04745,470
U04746,800
U04747,272
U04748,1070
U04749,370
U04750,287
U04751,909
U04752,742
U04753,301
U04754,540
U04755,462
U04756,100
U04757,742
U04758,585
U04759,1130
U04760,216
U04761,279
U04762,96
U04763,322
U04764,465
U04765,108
U04766,584
U04767,568
U04768,144
U04769,790
U04770,801
U04771,259
U04772,600
U04773,230
U04774,784
U04775,200
U04776,150
U04777,819
U04778,380
U04779,744
U04780,100
U04781,85
U04782,130
U04783,927
U04784,207
U04785,837
U04786,112
U04787,448
U04788,768
U04789,620
U04790,540
U04791,644
U04792,632
U04793,378
U04794,495
U04795,1020
U04796,90
U04797,882
U04798,234
U04799,308
U04800,130
U04801,735
U04802,760
U04803,216
U04804,736
U04805,1050
U04806,305
U04807,370
U04808,99
U04809,896
U04810,380
U04811,117
U04812,510
U04813,440
U04814,477
U04815,430
U04816,192
U04817,552
U04818,456
U04819,315
U04820,545
U04821,434
U04822,355
U04823,416
U04824,590
U04825,279
U04826,119
U04827,928
U04828,520
U04829,1120
U04830,203
U04831,800
U04832,592
U04833,990
U04834,200
U04835,310
U04836,351
U04837,672
U04838,1062
U04839,310
U04840,590
U04841,370
U04842,1020
U04843,225
U04844,480
U04845,1090
U04846,105
U04847,270
U04848,1110
U04849,729
U04850,488
U04851,592
U04852,632
U04853,310
U04854,175
U04855,115
U04856,747
U04857,760
U04858,714
U04859,441
U04860,639
U04861,370
U04862,385
U04863,448
U04864,189
U04865,980
U04866,50
U04867,330
U04868,1000
U04869,774
U04870,250
U04871,1035
U04872,720
U04873,400
U04874,828
U04875,530
U04876,207
U04877,399
U04878,256
U04879,392
U04880,744
U04881,476
U04882,322
U04883,220
U04884,768
U04885,846
U04886,469
U04887,555
U04888,560
U04889,425
U04890,110
U04891,136
U04892,520
U04893,190
U04894,553
U04895,130
U04896,637
U04897,560
U04898,441
U04899,290
U04900,210
U04901,900
U04902,536
U04903,440
U04904,810
U04905,990
U04906,435
U04907,200
U04908,310
U04909,950
U04910,414
U04911,568
U04912,504
U04913,792
U04914,115
U04915,415
U04916,175
U04917,450
U04918,600
U04919,595
U04920,552
U04921,595
U04922,200
U04923,90
U04924,728
U04925,170
U04926,640
U04927,920
U04928,95
U04929,630
U04930,336
U04931,688
U04932,333
U04933,639
U04934,60
U04935,312
U04936,295
U04937,792
U04938,297
U04939,837
U04940,531
U04941,512
U04942,999
U04943,410
U04944,742
U04945,280
U04946,896
U04947,1140
U04948,160
U04949,540
U04950,162
U04951,1030
U04952,455
U04953,450
U04954,245
U04955,485
U04956,425
U04957,560
U04958,485
U04959,710
U04960,816
U04961,208
U04962,245
U04963,555
U04964,205
U04965,531
U04966,153
U04967,693
U04968,784
U04969,296
U04970,315
U04971,525
U04972,518
U04973,999
U04974,513
U04975,290
U04976,441
U04977,1017
U04978,511
U04979,763
U04980,848
U04981,531
U04982,472
U04983,200
U04984,295
U04985,665
U04986,245
U04987,600
U04988,801
U04989,640
U04990,675
U04991,455
U04992,1100
U04993,623
U04994,240
U04995,360
U04996,205
U04997,747
U04998,549
U04999,776
U05000,824
